{
    "f_out": "mesh_ideal_narrow_naxi_400",
    "r_inner": 0.05678,
    "r_diff": 0.0343,
    "r_outer": 0.05678,
    "r1": 0.75,
    "r4": 0.75,
    "r7": 0.75,
    "height": 5.00,
    "n_seg": 1,
    "n_axi": 400,
    "n_cir": 24,
    "n_rad_gr": 1,
    "n_rad_tran": 10,
    "curve": 0.0,
    "L1": 1.00,
    "L2": 0.25,
    "L3": 0.25,
    "L4": 2.00,
    "L5": 0.25,
    "L6": 0.25,
    "L7": 1.00,
    "w_left": 0.75,
    "w_right": 0.75
}